origin,destination,estimate
Alaska,Alabama,780.0
Arizona,Alabama,4470.0
Arkansas,Alabama,1584.0
California,Alabama,4921.0
Colorado,Alabama,1601.0
Connecticut,Alabama,283.0
Delaware,Alabama,330.0
District of Columbia,Alabama,273.0
Florida,Alabama,17515.0
Georgia,Alabama,19270.0
Hawaii,Alabama,775.0
Idaho,Alabama,105.0
Illinois,Alabama,3362.0
Indiana,Alabama,1488.0
Iowa,Alabama,151.0
Kansas,Alabama,373.0
Kentucky,Alabama,1806.0
Louisiana,Alabama,2410.0
Maine,Alabama,0.0
Maryland,Alabama,457.0
Massachusetts,Alabama,504.0
Michigan,Alabama,1858.0
Minnesota,Alabama,1224.0
Mississippi,Alabama,8391.0
Missouri,Alabama,1983.0
Montana,Alabama,347.0
Nebraska,Alabama,295.0
Nevada,Alabama,1456.0
New Hampshire,Alabama,152.0
New Jersey,Alabama,548.0
New Mexico,Alabama,600.0
New York,Alabama,2701.0
North Carolina,Alabama,3656.0
North Dakota,Alabama,128.0
Ohio,Alabama,1993.0
Oklahoma,Alabama,481.0
Oregon,Alabama,1416.0
Pennsylvania,Alabama,1341.0
Rhode Island,Alabama,213.0
South Carolina,Alabama,1642.0
South Dakota,Alabama,62.0
Tennessee,Alabama,12640.0
Texas,Alabama,7504.0
Utah,Alabama,497.0
Vermont,Alabama,0.0
Virginia,Alabama,3171.0
Washington,Alabama,1586.0
West Virginia,Alabama,311.0
Wisconsin,Alabama,718.0
Wyoming,Alabama,49.0
Puerto Rico,Alabama,415.0
U.S. Island Area3,Alabama,0.0
Foreign Country,Alabama,17824.0
Alabama,Alaska,204.0
Arizona,Alaska,618.0
Arkansas,Alaska,159.0
California,Alaska,4697.0
Colorado,Alaska,1087.0
Connecticut,Alaska,0.0
Delaware,Alaska,258.0
District of Columbia,Alaska,220.0
Florida,Alaska,1380.0
Georgia,Alaska,411.0
Hawaii,Alaska,1023.0
Idaho,Alaska,803.0
Illinois,Alaska,73.0
Indiana,Alaska,486.0
Iowa,Alaska,33.0
Kansas,Alaska,1200.0
Kentucky,Alaska,781.0
Louisiana,Alaska,198.0
Maine,Alaska,0.0
Maryland,Alaska,201.0
Massachusetts,Alaska,353.0
Michigan,Alaska,152.0
Minnesota,Alaska,611.0
Mississippi,Alaska,174.0
Missouri,Alaska,107.0
Montana,Alaska,936.0
Nebraska,Alaska,387.0
Nevada,Alaska,98.0
New Hampshire,Alaska,18.0
New Jersey,Alaska,513.0
New Mexico,Alaska,22.0
New York,Alaska,1232.0
North Carolina,Alaska,1410.0
North Dakota,Alaska,156.0
Ohio,Alaska,601.0
Oklahoma,Alaska,275.0
Oregon,Alaska,3187.0
Pennsylvania,Alaska,213.0
Rhode Island,Alaska,0.0
South Carolina,Alaska,211.0
South Dakota,Alaska,94.0
Tennessee,Alaska,340.0
Texas,Alaska,980.0
Utah,Alaska,561.0
Vermont,Alaska,45.0
Virginia,Alaska,1331.0
Washington,Alaska,2283.0
West Virginia,Alaska,0.0
Wisconsin,Alaska,34.0
Wyoming,Alaska,520.0
Puerto Rico,Alaska,192.0
U.S. Island Area3,Alaska,0.0
Foreign Country,Alaska,4859.0
Alabama,Arizona,1373.0
Alaska,Arizona,2017.0
Arkansas,Arizona,1896.0
California,Arizona,54222.0
Colorado,Arizona,8344.0
Connecticut,Arizona,1085.0
Delaware,Arizona,514.0
District of Columbia,Arizona,74.0
Florida,Arizona,12762.0
Georgia,Arizona,6326.0
Hawaii,Arizona,2226.0
Idaho,Arizona,5132.0
Illinois,Arizona,9030.0
Indiana,Arizona,2974.0
Iowa,Arizona,6805.0
Kansas,Arizona,3383.0
Kentucky,Arizona,1666.0
Louisiana,Arizona,2514.0
Maine,Arizona,350.0
Maryland,Arizona,1972.0
Massachusetts,Arizona,3316.0
Michigan,Arizona,6740.0
Minnesota,Arizona,5582.0
Mississippi,Arizona,816.0
Missouri,Arizona,7390.0
Montana,Arizona,2261.0
Nebraska,Arizona,2694.0
Nevada,Arizona,6341.0
New Hampshire,Arizona,612.0
New Jersey,Arizona,2082.0
New Mexico,Arizona,6397.0
New York,Arizona,7627.0
North Carolina,Arizona,3646.0
North Dakota,Arizona,424.0
Ohio,Arizona,3091.0
Oklahoma,Arizona,2925.0
Oregon,Arizona,10465.0
Pennsylvania,Arizona,4780.0
Rhode Island,Arizona,145.0
South Carolina,Arizona,1186.0
South Dakota,Arizona,1892.0
Tennessee,Arizona,4498.0
Texas,Arizona,16779.0
Utah,Arizona,5766.0
Vermont,Arizona,242.0
Virginia,Arizona,4441.0
Washington,Arizona,12844.0
West Virginia,Arizona,40.0
Wisconsin,Arizona,4015.0
Wyoming,Arizona,2501.0
Puerto Rico,Arizona,0.0
U.S. Island Area3,Arizona,0.0
Foreign Country,Arizona,58640.0
Alabama,Arkansas,1056.0
Alaska,Arkansas,17.0
Arizona,Arkansas,1112.0
California,Arkansas,6320.0
Colorado,Arkansas,3878.0
Connecticut,Arkansas,3.0
Delaware,Arkansas,0.0
District of Columbia,Arkansas,49.0
Florida,Arkansas,4555.0
Georgia,Arkansas,2117.0
Hawaii,Arkansas,319.0
Idaho,Arkansas,170.0
Illinois,Arkansas,1591.0
Indiana,Arkansas,462.0
Iowa,Arkansas,1077.0
Kansas,Arkansas,2343.0
Kentucky,Arkansas,137.0
Louisiana,Arkansas,2321.0
Maine,Arkansas,30.0
Maryland,Arkansas,109.0
Massachusetts,Arkansas,220.0
Michigan,Arkansas,210.0
Minnesota,Arkansas,1051.0
Mississippi,Arkansas,1129.0
Missouri,Arkansas,8714.0
Montana,Arkansas,1334.0
Nebraska,Arkansas,251.0
Nevada,Arkansas,1183.0
New Hampshire,Arkansas,0.0
New Jersey,Arkansas,806.0
New Mexico,Arkansas,396.0
New York,Arkansas,452.0
North Carolina,Arkansas,2433.0
North Dakota,Arkansas,0.0
Ohio,Arkansas,463.0
Oklahoma,Arkansas,3904.0
Oregon,Arkansas,122.0
Pennsylvania,Arkansas,498.0
Rhode Island,Arkansas,0.0
South Carolina,Arkansas,288.0
South Dakota,Arkansas,539.0
Tennessee,Arkansas,2959.0
Texas,Arkansas,13652.0
Utah,Arkansas,362.0
Vermont,Arkansas,0.0
Virginia,Arkansas,659.0
Washington,Arkansas,3093.0
West Virginia,Arkansas,78.0
Wisconsin,Arkansas,661.0
Wyoming,Arkansas,0.0
Puerto Rico,Arkansas,210.0
U.S. Island Area3,Arkansas,0.0
Foreign Country,Arkansas,7954.0
Alabama,California,2123.0
Alaska,California,1210.0
Arizona,California,21152.0
Arkansas,California,2092.0
Colorado,California,14784.0
Connecticut,California,3113.0
Delaware,California,772.0
District of Columbia,California,4590.0
Florida,California,19149.0
Georgia,California,11229.0
Hawaii,California,8094.0
Idaho,California,2646.0
Illinois,California,21982.0
Indiana,California,4531.0
Iowa,California,4250.0
Kansas,California,3207.0
Kentucky,California,2308.0
Louisiana,California,4522.0
Maine,California,1003.0
Maryland,California,10107.0
Massachusetts,California,10101.0
Michigan,California,12054.0
Minnesota,California,2705.0
Mississippi,California,3133.0
Missouri,California,6400.0
Montana,California,656.0
Nebraska,California,2606.0
Nevada,California,22218.0
New Hampshire,California,1202.0
New Jersey,California,12458.0
New Mexico,California,4784.0
New York,California,35062.0
North Carolina,California,8924.0
North Dakota,California,10.0
Ohio,California,7434.0
Oklahoma,California,2541.0
Oregon,California,22162.0
Pennsylvania,California,8730.0
Rhode Island,California,1050.0
South Carolina,California,5346.0
South Dakota,California,629.0
Tennessee,California,5343.0
Texas,California,38732.0
Utah,California,10939.0
Vermont,California,1012.0
Virginia,California,15837.0
Washington,California,32218.0
West Virginia,California,1125.0
Wisconsin,California,2634.0
Wyoming,California,1166.0
Puerto Rico,California,1119.0
U.S. Island Area3,California,1053.0
Foreign Country,California,313560.0
Alabama,Colorado,3745.0
Alaska,Colorado,1452.0
Arizona,Colorado,12378.0
Arkansas,Colorado,1435.0
California,Colorado,26148.0
Connecticut,Colorado,1875.0
Delaware,Colorado,120.0
District of Columbia,Colorado,1319.0
Florida,Colorado,12786.0
Georgia,Colorado,6522.0
Hawaii,Colorado,3347.0
Idaho,Colorado,3480.0
Illinois,Colorado,8941.0
Indiana,Colorado,2612.0
Iowa,Colorado,3407.0
Kansas,Colorado,4387.0
Kentucky,Colorado,1015.0
Louisiana,Colorado,2227.0
Maine,Colorado,628.0
Maryland,Colorado,3553.0
Massachusetts,Colorado,2885.0
Michigan,Colorado,2922.0
Minnesota,Colorado,3830.0
Mississippi,Colorado,590.0
Missouri,Colorado,4858.0
Montana,Colorado,2294.0
Nebraska,Colorado,4126.0
Nevada,Colorado,1896.0
New Hampshire,Colorado,252.0
New Jersey,Colorado,1154.0
New Mexico,Colorado,6030.0
New York,Colorado,6295.0
North Carolina,Colorado,10351.0
North Dakota,Colorado,582.0
Ohio,Colorado,6289.0
Oklahoma,Colorado,2980.0
Oregon,Colorado,3690.0
Pennsylvania,Colorado,5109.0
Rhode Island,Colorado,0.0
South Carolina,Colorado,1813.0
South Dakota,Colorado,1190.0
Tennessee,Colorado,4670.0
Texas,Colorado,32150.0
Utah,Colorado,4336.0
Vermont,Colorado,327.0
Virginia,Colorado,9719.0
Washington,Colorado,6010.0
West Virginia,Colorado,77.0
Wisconsin,Colorado,2698.0
Wyoming,Colorado,2163.0
Puerto Rico,Colorado,335.0
U.S. Island Area3,Colorado,749.0
Foreign Country,Colorado,34826.0
Alabama,Connecticut,788.0
Alaska,Connecticut,11.0
Arizona,Connecticut,657.0
Arkansas,Connecticut,80.0
California,Connecticut,4972.0
Colorado,Connecticut,591.0
Delaware,Connecticut,32.0
District of Columbia,Connecticut,327.0
Florida,Connecticut,7435.0
Georgia,Connecticut,2514.0
Hawaii,Connecticut,725.0
Idaho,Connecticut,0.0
Illinois,Connecticut,1522.0
Indiana,Connecticut,446.0
Iowa,Connecticut,0.0
Kansas,Connecticut,363.0
Kentucky,Connecticut,397.0
Louisiana,Connecticut,357.0
Maine,Connecticut,601.0
Maryland,Connecticut,1412.0
Massachusetts,Connecticut,13428.0
Michigan,Connecticut,975.0
Minnesota,Connecticut,681.0
Mississippi,Connecticut,364.0
Missouri,Connecticut,110.0
Montana,Connecticut,101.0
Nebraska,Connecticut,252.0
Nevada,Connecticut,781.0
New Hampshire,Connecticut,878.0
New Jersey,Connecticut,5379.0
New Mexico,Connecticut,53.0
New York,Connecticut,28181.0
North Carolina,Connecticut,1220.0
North Dakota,Connecticut,0.0
Ohio,Connecticut,414.0
Oklahoma,Connecticut,170.0
Oregon,Connecticut,0.0
Pennsylvania,Connecticut,4858.0
Rhode Island,Connecticut,4299.0
South Carolina,Connecticut,1146.0
South Dakota,Connecticut,0.0
Tennessee,Connecticut,2508.0
Texas,Connecticut,2678.0
Utah,Connecticut,84.0
Vermont,Connecticut,557.0
Virginia,Connecticut,1947.0
Washington,Connecticut,654.0
West Virginia,Connecticut,0.0
Wisconsin,Connecticut,42.0
Wyoming,Connecticut,0.0
Puerto Rico,Connecticut,486.0
U.S. Island Area3,Connecticut,93.0
Foreign Country,Connecticut,27029.0
Alabama,Delaware,12.0
Alaska,Delaware,59.0
Arizona,Delaware,476.0
Arkansas,Delaware,372.0
California,Delaware,516.0
Colorado,Delaware,212.0
Connecticut,Delaware,369.0
District of Columbia,Delaware,430.0
Florida,Delaware,1763.0
Georgia,Delaware,249.0
Hawaii,Delaware,0.0
Idaho,Delaware,33.0
Illinois,Delaware,193.0
Indiana,Delaware,0.0
Iowa,Delaware,212.0
Kansas,Delaware,0.0
Kentucky,Delaware,0.0
Louisiana,Delaware,0.0
Maine,Delaware,174.0
Maryland,Delaware,7829.0
Massachusetts,Delaware,465.0
Michigan,Delaware,82.0
Minnesota,Delaware,180.0
Mississippi,Delaware,70.0
Missouri,Delaware,105.0
Montana,Delaware,235.0
Nebraska,Delaware,0.0
Nevada,Delaware,118.0
New Hampshire,Delaware,0.0
New Jersey,Delaware,4041.0
New Mexico,Delaware,214.0
New York,Delaware,2552.0
North Carolina,Delaware,1563.0
North Dakota,Delaware,0.0
Ohio,Delaware,0.0
Oklahoma,Delaware,0.0
Oregon,Delaware,0.0
Pennsylvania,Delaware,13350.0
Rhode Island,Delaware,187.0
South Carolina,Delaware,385.0
South Dakota,Delaware,0.0
Tennessee,Delaware,629.0
Texas,Delaware,400.0
Utah,Delaware,33.0
Vermont,Delaware,0.0
Virginia,Delaware,882.0
Washington,Delaware,274.0
West Virginia,Delaware,0.0
Wisconsin,Delaware,342.0
Wyoming,Delaware,0.0
Puerto Rico,Delaware,0.0
U.S. Island Area3,Delaware,0.0
Foreign Country,Delaware,6779.0
Alabama,District of Columbia,423.0
Alaska,District of Columbia,0.0
Arizona,District of Columbia,242.0
Arkansas,District of Columbia,0.0
California,District of Columbia,2976.0
Colorado,District of Columbia,376.0
Connecticut,District of Columbia,760.0
Delaware,District of Columbia,111.0
Florida,District of Columbia,1856.0
Georgia,District of Columbia,1537.0
Hawaii,District of Columbia,53.0
Idaho,District of Columbia,0.0
Illinois,District of Columbia,770.0
Indiana,District of Columbia,1010.0
Iowa,District of Columbia,0.0
Kansas,District of Columbia,0.0
Kentucky,District of Columbia,168.0
Louisiana,District of Columbia,1130.0
Maine,District of Columbia,1190.0
Maryland,District of Columbia,12647.0
Massachusetts,District of Columbia,2685.0
Michigan,District of Columbia,1490.0
Minnesota,District of Columbia,394.0
Mississippi,District of Columbia,130.0
Missouri,District of Columbia,365.0
Montana,District of Columbia,22.0
Nebraska,District of Columbia,58.0
Nevada,District of Columbia,56.0
New Hampshire,District of Columbia,14.0
New Jersey,District of Columbia,2071.0
New Mexico,District of Columbia,48.0
New York,District of Columbia,4766.0
North Carolina,District of Columbia,1423.0
North Dakota,District of Columbia,126.0
Ohio,District of Columbia,1248.0
Oklahoma,District of Columbia,476.0
Oregon,District of Columbia,794.0
Pennsylvania,District of Columbia,3085.0
Rhode Island,District of Columbia,369.0
South Carolina,District of Columbia,514.0
South Dakota,District of Columbia,0.0
Tennessee,District of Columbia,622.0
Texas,District of Columbia,2631.0
Utah,District of Columbia,207.0
Vermont,District of Columbia,86.0
Virginia,District of Columbia,7085.0
Washington,District of Columbia,443.0
West Virginia,District of Columbia,100.0
Wisconsin,District of Columbia,303.0
Wyoming,District of Columbia,0.0
Puerto Rico,District of Columbia,226.0
U.S. Island Area3,District of Columbia,0.0
Foreign Country,District of Columbia,12382.0
Alabama,Florida,13789.0
Alaska,Florida,2280.0
Arizona,Florida,8361.0
Arkansas,Florida,4025.0
California,Florida,39052.0
Colorado,Florida,13264.0
Connecticut,Florida,15743.0
Delaware,Florida,1739.0
District of Columbia,Florida,1691.0
Georgia,Florida,44469.0
Hawaii,Florida,3294.0
Idaho,Florida,913.0
Illinois,Florida,27109.0
Indiana,Florida,14939.0
Iowa,Florida,4367.0
Kansas,Florida,5297.0
Kentucky,Florida,9814.0
Louisiana,Florida,6194.0
Maine,Florida,3831.0
Maryland,Florida,17439.0
Massachusetts,Florida,24002.0
Michigan,Florida,26512.0
Minnesota,Florida,8274.0
Mississippi,Florida,4750.0
Missouri,Florida,7814.0
Montana,Florida,1030.0
Nebraska,Florida,1317.0
Nevada,Florida,5632.0
New Hampshire,Florida,5012.0
New Jersey,Florida,33226.0
New Mexico,Florida,2416.0
New York,Florida,71138.0
North Carolina,Florida,25290.0
North Dakota,Florida,1189.0
Ohio,Florida,18543.0
Oklahoma,Florida,5488.0
Oregon,Florida,2310.0
Pennsylvania,Florida,27770.0
Rhode Island,Florida,3400.0
South Carolina,Florida,14066.0
South Dakota,Florida,555.0
Tennessee,Florida,15663.0
Texas,Florida,37781.0
Utah,Florida,3733.0
Vermont,Florida,1739.0
Virginia,Florida,28226.0
Washington,Florida,9009.0
West Virginia,Florida,4044.0
Wisconsin,Florida,9232.0
Wyoming,Florida,162.0
Puerto Rico,Florida,12534.0
U.S. Island Area3,Florida,1505.0
Foreign Country,Florida,289829.0
Alabama,Georgia,17506.0
Alaska,Georgia,1028.0
Arizona,Georgia,2706.0
Arkansas,Georgia,2912.0
California,Georgia,20191.0
Colorado,Georgia,5154.0
Connecticut,Georgia,3380.0
Delaware,Georgia,747.0
District of Columbia,Georgia,1475.0
Florida,Georgia,55250.0
Hawaii,Georgia,482.0
Idaho,Georgia,2056.0
Illinois,Georgia,9133.0
Indiana,Georgia,3422.0
Iowa,Georgia,1482.0
Kansas,Georgia,3418.0
Kentucky,Georgia,2671.0
Louisiana,Georgia,6264.0
Maine,Georgia,1141.0
Maryland,Georgia,6244.0
Massachusetts,Georgia,1739.0
Michigan,Georgia,3945.0
Minnesota,Georgia,2803.0
Mississippi,Georgia,3070.0
Missouri,Georgia,3814.0
Montana,Georgia,237.0
Nebraska,Georgia,506.0
Nevada,Georgia,2822.0
New Hampshire,Georgia,670.0
New Jersey,Georgia,6339.0
New Mexico,Georgia,2936.0
New York,Georgia,21998.0
North Carolina,Georgia,17310.0
North Dakota,Georgia,57.0
Ohio,Georgia,7590.0
Oklahoma,Georgia,2067.0
Oregon,Georgia,1060.0
Pennsylvania,Georgia,8763.0
Rhode Island,Georgia,1508.0
South Carolina,Georgia,16635.0
South Dakota,Georgia,771.0
Tennessee,Georgia,17332.0
Texas,Georgia,20923.0
Utah,Georgia,2184.0
Vermont,Georgia,0.0
Virginia,Georgia,6866.0
Washington,Georgia,6050.0
West Virginia,Georgia,1146.0
Wisconsin,Georgia,2649.0
Wyoming,Georgia,0.0
Puerto Rico,Georgia,1667.0
U.S. Island Area3,Georgia,307.0
Foreign Country,Georgia,61349.0
Alabama,Hawaii,346.0
Alaska,Hawaii,1135.0
Arizona,Hawaii,1932.0
Arkansas,Hawaii,152.0
California,Hawaii,11200.0
Colorado,Hawaii,3359.0
Connecticut,Hawaii,702.0
Delaware,Hawaii,277.0
District of Columbia,Hawaii,773.0
Florida,Hawaii,2061.0
Georgia,Hawaii,1276.0
Idaho,Hawaii,1042.0
Illinois,Hawaii,907.0
Indiana,Hawaii,0.0
Iowa,Hawaii,0.0
Kansas,Hawaii,243.0
Kentucky,Hawaii,489.0
Louisiana,Hawaii,1150.0
Maine,Hawaii,0.0
Maryland,Hawaii,2699.0
Massachusetts,Hawaii,182.0
Michigan,Hawaii,463.0
Minnesota,Hawaii,893.0
Mississippi,Hawaii,0.0
Missouri,Hawaii,996.0
Montana,Hawaii,111.0
Nebraska,Hawaii,0.0
Nevada,Hawaii,1393.0
New Hampshire,Hawaii,70.0
New Jersey,Hawaii,59.0
New Mexico,Hawaii,986.0
New York,Hawaii,1776.0
North Carolina,Hawaii,2816.0
North Dakota,Hawaii,0.0
Ohio,Hawaii,674.0
Oklahoma,Hawaii,177.0
Oregon,Hawaii,1443.0
Pennsylvania,Hawaii,498.0
Rhode Island,Hawaii,59.0
South Carolina,Hawaii,820.0
South Dakota,Hawaii,99.0
Tennessee,Hawaii,968.0
Texas,Hawaii,3742.0
Utah,Hawaii,1884.0
Vermont,Hawaii,0.0
Virginia,Hawaii,3388.0
Washington,Hawaii,4092.0
West Virginia,Hawaii,0.0
Wisconsin,Hawaii,1149.0
Wyoming,Hawaii,58.0
Puerto Rico,Hawaii,29.0
U.S. Island Area3,Hawaii,843.0
Foreign Country,Hawaii,12736.0
Alabama,Idaho,380.0
Alaska,Idaho,1117.0
Arizona,Idaho,4026.0
Arkansas,Idaho,533.0
California,Idaho,17338.0
Colorado,Idaho,1851.0
Connecticut,Idaho,436.0
Delaware,Idaho,0.0
District of Columbia,Idaho,0.0
Florida,Idaho,921.0
Georgia,Idaho,78.0
Hawaii,Idaho,1089.0
Illinois,Idaho,571.0
Indiana,Idaho,830.0
Iowa,Idaho,479.0
Kansas,Idaho,1229.0
Kentucky,Idaho,434.0
Louisiana,Idaho,0.0
Maine,Idaho,43.0
Maryland,Idaho,111.0
Massachusetts,Idaho,260.0
Michigan,Idaho,404.0
Minnesota,Idaho,485.0
Mississippi,Idaho,136.0
Missouri,Idaho,349.0
Montana,Idaho,2754.0
Nebraska,Idaho,324.0
Nevada,Idaho,2025.0
New Hampshire,Idaho,0.0
New Jersey,Idaho,780.0
New Mexico,Idaho,1566.0
New York,Idaho,77.0
North Carolina,Idaho,1187.0
North Dakota,Idaho,256.0
Ohio,Idaho,703.0
Oklahoma,Idaho,670.0
Oregon,Idaho,7458.0
Pennsylvania,Idaho,394.0
Rhode Island,Idaho,113.0
South Carolina,Idaho,97.0
South Dakota,Idaho,388.0
Tennessee,Idaho,369.0
Texas,Idaho,5526.0
Utah,Idaho,5537.0
Vermont,Idaho,0.0
Virginia,Idaho,1290.0
Washington,Idaho,14655.0
West Virginia,Idaho,395.0
Wisconsin,Idaho,229.0
Wyoming,Idaho,1815.0
Puerto Rico,Idaho,41.0
U.S. Island Area3,Idaho,66.0
Foreign Country,Idaho,9293.0
Alabama,Illinois,1375.0
Alaska,Illinois,30.0
Arizona,Illinois,4417.0
Arkansas,Illinois,2189.0
California,Illinois,16460.0
Colorado,Illinois,5827.0
Connecticut,Illinois,863.0
Delaware,Illinois,60.0
District of Columbia,Illinois,1790.0
Florida,Illinois,19100.0
Georgia,Illinois,4895.0
Hawaii,Illinois,1168.0
Idaho,Illinois,354.0
Indiana,Illinois,11555.0
Iowa,Illinois,8326.0
Kansas,Illinois,1468.0
Kentucky,Illinois,3162.0
Louisiana,Illinois,1497.0
Maine,Illinois,265.0
Maryland,Illinois,2512.0
Massachusetts,Illinois,1938.0
Michigan,Illinois,10345.0
Minnesota,Illinois,3641.0
Mississippi,Illinois,1894.0
Missouri,Illinois,14982.0
Montana,Illinois,224.0
Nebraska,Illinois,1229.0
Nevada,Illinois,2181.0
New Hampshire,Illinois,524.0
New Jersey,Illinois,2755.0
New Mexico,Illinois,1096.0
New York,Illinois,8394.0
North Carolina,Illinois,5531.0
North Dakota,Illinois,252.0
Ohio,Illinois,4914.0
Oklahoma,Illinois,2408.0
Oregon,Illinois,3381.0
Pennsylvania,Illinois,3394.0
Rhode Island,Illinois,170.0
South Carolina,Illinois,2084.0
South Dakota,Illinois,140.0
Tennessee,Illinois,4005.0
Texas,Illinois,15227.0
Utah,Illinois,1496.0
Vermont,Illinois,1057.0
Virginia,Illinois,4876.0
Washington,Illinois,3100.0
West Virginia,Illinois,968.0
Wisconsin,Illinois,14135.0
Wyoming,Illinois,104.0
Puerto Rico,Illinois,1354.0
U.S. Island Area3,Illinois,0.0
Foreign Country,Illinois,96508.0
Alabama,Indiana,2206.0
Alaska,Indiana,818.0
Arizona,Indiana,2123.0
Arkansas,Indiana,754.0
California,Indiana,7740.0
Colorado,Indiana,3164.0
Connecticut,Indiana,427.0
Delaware,Indiana,121.0
District of Columbia,Indiana,0.0
Florida,Indiana,14798.0
Georgia,Indiana,1606.0
Hawaii,Indiana,81.0
Idaho,Indiana,0.0
Illinois,Indiana,29426.0
Iowa,Indiana,854.0
Kansas,Indiana,701.0
Kentucky,Indiana,12257.0
Louisiana,Indiana,784.0
Maine,Indiana,24.0
Maryland,Indiana,668.0
Massachusetts,Indiana,1033.0
Michigan,Indiana,8137.0
Minnesota,Indiana,1579.0
Mississippi,Indiana,529.0
Missouri,Indiana,2691.0
Montana,Indiana,83.0
Nebraska,Indiana,7.0
Nevada,Indiana,1022.0
New Hampshire,Indiana,340.0
New Jersey,Indiana,2661.0
New Mexico,Indiana,974.0
New York,Indiana,8782.0
North Carolina,Indiana,2634.0
North Dakota,Indiana,353.0
Ohio,Indiana,12493.0
Oklahoma,Indiana,644.0
Oregon,Indiana,492.0
Pennsylvania,Indiana,3117.0
Rhode Island,Indiana,47.0
South Carolina,Indiana,1221.0
South Dakota,Indiana,338.0
Tennessee,Indiana,3310.0
Texas,Indiana,9485.0
Utah,Indiana,1804.0
Vermont,Indiana,86.0
Virginia,Indiana,4401.0
Washington,Indiana,1635.0
West Virginia,Indiana,461.0
Wisconsin,Indiana,1738.0
Wyoming,Indiana,0.0
Puerto Rico,Indiana,54.0
U.S. Island Area3,Indiana,156.0
Foreign Country,Indiana,29905.0
Alabama,Iowa,130.0
Alaska,Iowa,209.0
Arizona,Iowa,3078.0
Arkansas,Iowa,114.0
California,Iowa,4406.0
Colorado,Iowa,3642.0
Connecticut,Iowa,33.0
Delaware,Iowa,168.0
District of Columbia,Iowa,186.0
Florida,Iowa,4186.0
Georgia,Iowa,965.0
Hawaii,Iowa,52.0
Idaho,Iowa,703.0
Illinois,Iowa,11780.0
Indiana,Iowa,678.0
Kansas,Iowa,2302.0
Kentucky,Iowa,448.0
Louisiana,Iowa,1605.0
Maine,Iowa,154.0
Maryland,Iowa,595.0
Massachusetts,Iowa,465.0
Michigan,Iowa,1496.0
Minnesota,Iowa,4755.0
Mississippi,Iowa,563.0
Missouri,Iowa,3238.0
Montana,Iowa,421.0
Nebraska,Iowa,7341.0
Nevada,Iowa,906.0
New Hampshire,Iowa,0.0
New Jersey,Iowa,169.0
New Mexico,Iowa,20.0
New York,Iowa,845.0
North Carolina,Iowa,1812.0
North Dakota,Iowa,99.0
Ohio,Iowa,409.0
Oklahoma,Iowa,630.0
Oregon,Iowa,460.0
Pennsylvania,Iowa,669.0
Rhode Island,Iowa,0.0
South Carolina,Iowa,299.0
South Dakota,Iowa,2209.0
Tennessee,Iowa,1324.0
Texas,Iowa,3634.0
Utah,Iowa,99.0
Vermont,Iowa,99.0
Virginia,Iowa,1094.0
Washington,Iowa,1022.0
West Virginia,Iowa,0.0
Wisconsin,Iowa,3321.0
Wyoming,Iowa,343.0
Puerto Rico,Iowa,0.0
U.S. Island Area3,Iowa,958.0
Foreign Country,Iowa,16164.0
Alabama,Kansas,881.0
Alaska,Kansas,174.0
Arizona,Kansas,2365.0
Arkansas,Kansas,884.0
California,Kansas,3160.0
Colorado,Kansas,4591.0
Connecticut,Kansas,92.0
Delaware,Kansas,61.0
District of Columbia,Kansas,0.0
Florida,Kansas,2737.0
Georgia,Kansas,1737.0
Hawaii,Kansas,0.0
Idaho,Kansas,925.0
Illinois,Kansas,1906.0
Indiana,Kansas,846.0
Iowa,Kansas,1648.0
Kentucky,Kansas,969.0
Louisiana,Kansas,1643.0
Maine,Kansas,0.0
Maryland,Kansas,443.0
Massachusetts,Kansas,97.0
Michigan,Kansas,1369.0
Minnesota,Kansas,1478.0
Mississippi,Kansas,326.0
Missouri,Kansas,18573.0
Montana,Kansas,75.0
Nebraska,Kansas,3841.0
Nevada,Kansas,2049.0
New Hampshire,Kansas,320.0
New Jersey,Kansas,543.0
New Mexico,Kansas,267.0
New York,Kansas,1505.0
North Carolina,Kansas,494.0
North Dakota,Kansas,689.0
Ohio,Kansas,2050.0
Oklahoma,Kansas,3534.0
Oregon,Kansas,248.0
Pennsylvania,Kansas,1176.0
Rhode Island,Kansas,21.0
South Carolina,Kansas,218.0
South Dakota,Kansas,354.0
Tennessee,Kansas,1480.0
Texas,Kansas,7229.0
Utah,Kansas,131.0
Vermont,Kansas,0.0
Virginia,Kansas,1827.0
Washington,Kansas,980.0
West Virginia,Kansas,96.0
Wisconsin,Kansas,609.0
Wyoming,Kansas,497.0
Puerto Rico,Kansas,574.0
U.S. Island Area3,Kansas,133.0
Foreign Country,Kansas,20355.0
Alabama,Kentucky,1496.0
Alaska,Kentucky,549.0
Arizona,Kentucky,2484.0
Arkansas,Kentucky,373.0
California,Kentucky,5838.0
Colorado,Kentucky,1858.0
Connecticut,Kentucky,138.0
Delaware,Kentucky,0.0
District of Columbia,Kentucky,133.0
Florida,Kentucky,5243.0
Georgia,Kentucky,3491.0
Hawaii,Kentucky,1020.0
Idaho,Kentucky,610.0
Illinois,Kentucky,4407.0
Indiana,Kentucky,8310.0
Iowa,Kentucky,577.0
Kansas,Kentucky,502.0
Louisiana,Kentucky,2343.0
Maine,Kentucky,160.0
Maryland,Kentucky,633.0
Massachusetts,Kentucky,245.0
Michigan,Kentucky,3619.0
Minnesota,Kentucky,229.0
Mississippi,Kentucky,94.0
Missouri,Kentucky,1734.0
Montana,Kentucky,758.0
Nebraska,Kentucky,93.0
Nevada,Kentucky,1445.0
New Hampshire,Kentucky,3667.0
New Jersey,Kentucky,388.0
New Mexico,Kentucky,0.0
New York,Kentucky,2370.0
North Carolina,Kentucky,2452.0
North Dakota,Kentucky,0.0
Ohio,Kentucky,13249.0
Oklahoma,Kentucky,1451.0
Oregon,Kentucky,396.0
Pennsylvania,Kentucky,2282.0
Rhode Island,Kentucky,0.0
South Carolina,Kentucky,1126.0
South Dakota,Kentucky,841.0
Tennessee,Kentucky,14444.0
Texas,Kentucky,5471.0
Utah,Kentucky,259.0
Vermont,Kentucky,0.0
Virginia,Kentucky,2754.0
Washington,Kentucky,4273.0
West Virginia,Kentucky,1565.0
Wisconsin,Kentucky,1427.0
Wyoming,Kentucky,0.0
Puerto Rico,Kentucky,0.0
U.S. Island Area3,Kentucky,0.0
Foreign Country,Kentucky,27761.0
Alabama,Louisiana,2558.0
Alaska,Louisiana,229.0
Arizona,Louisiana,669.0
Arkansas,Louisiana,3228.0
California,Louisiana,2424.0
Colorado,Louisiana,777.0
Connecticut,Louisiana,778.0
Delaware,Louisiana,0.0
District of Columbia,Louisiana,0.0
Florida,Louisiana,4686.0
Georgia,Louisiana,2407.0
Hawaii,Louisiana,313.0
Idaho,Louisiana,1306.0
Illinois,Louisiana,1289.0
Indiana,Louisiana,854.0
Iowa,Louisiana,104.0
Kansas,Louisiana,789.0
Kentucky,Louisiana,207.0
Maine,Louisiana,0.0
Maryland,Louisiana,1289.0
Massachusetts,Louisiana,1025.0
Michigan,Louisiana,257.0
Minnesota,Louisiana,1262.0
Mississippi,Louisiana,7272.0
Missouri,Louisiana,977.0
Montana,Louisiana,458.0
Nebraska,Louisiana,0.0
Nevada,Louisiana,2865.0
New Hampshire,Louisiana,166.0
New Jersey,Louisiana,945.0
New Mexico,Louisiana,88.0
New York,Louisiana,532.0
North Carolina,Louisiana,2261.0
North Dakota,Louisiana,1345.0
Ohio,Louisiana,453.0
Oklahoma,Louisiana,846.0
Oregon,Louisiana,550.0
Pennsylvania,Louisiana,533.0
Rhode Island,Louisiana,0.0
South Carolina,Louisiana,338.0
South Dakota,Louisiana,830.0
Tennessee,Louisiana,1883.0
Texas,Louisiana,18446.0
Utah,Louisiana,179.0
Vermont,Louisiana,0.0
Virginia,Louisiana,1188.0
Washington,Louisiana,752.0
West Virginia,Louisiana,56.0
Wisconsin,Louisiana,50.0
Wyoming,Louisiana,0.0
Puerto Rico,Louisiana,339.0
U.S. Island Area3,Louisiana,0.0
Foreign Country,Louisiana,21811.0
Alabama,Maine,124.0
Alaska,Maine,274.0
Arizona,Maine,375.0
Arkansas,Maine,56.0
California,Maine,1553.0
Colorado,Maine,1178.0
Connecticut,Maine,948.0
Delaware,Maine,226.0
District of Columbia,Maine,0.0
Florida,Maine,4008.0
Georgia,Maine,81.0
Hawaii,Maine,140.0
Idaho,Maine,16.0
Illinois,Maine,1223.0
Indiana,Maine,0.0
Iowa,Maine,0.0
Kansas,Maine,77.0
Kentucky,Maine,48.0
Louisiana,Maine,18.0
Maryland,Maine,700.0
Massachusetts,Maine,5670.0
Michigan,Maine,162.0
Minnesota,Maine,422.0
Mississippi,Maine,654.0
Missouri,Maine,2.0
Montana,Maine,15.0
Nebraska,Maine,30.0
Nevada,Maine,592.0
New Hampshire,Maine,5715.0
New Jersey,Maine,1137.0
New Mexico,Maine,116.0
New York,Maine,2330.0
North Carolina,Maine,609.0
North Dakota,Maine,126.0
Ohio,Maine,755.0
Oklahoma,Maine,0.0
Oregon,Maine,469.0
Pennsylvania,Maine,1454.0
Rhode Island,Maine,528.0
South Carolina,Maine,741.0
South Dakota,Maine,0.0
Tennessee,Maine,467.0
Texas,Maine,1925.0
Utah,Maine,91.0
Vermont,Maine,706.0
Virginia,Maine,1022.0
Washington,Maine,689.0
West Virginia,Maine,586.0
Wisconsin,Maine,31.0
Wyoming,Maine,0.0
Puerto Rico,Maine,0.0
U.S. Island Area3,Maine,75.0
Foreign Country,Maine,4590.0
Alabama,Maryland,431.0
Alaska,Maryland,142.0
Arizona,Maryland,2202.0
Arkansas,Maryland,128.0
California,Maryland,10051.0
Colorado,Maryland,1276.0
Connecticut,Maryland,1908.0
Delaware,Maryland,5245.0
District of Columbia,Maryland,20296.0
Florida,Maryland,8205.0
Georgia,Maryland,3790.0
Hawaii,Maryland,1352.0
Idaho,Maryland,270.0
Illinois,Maryland,1213.0
Indiana,Maryland,1052.0
Iowa,Maryland,1054.0
Kansas,Maryland,217.0
Kentucky,Maryland,603.0
Louisiana,Maryland,486.0
Maine,Maryland,428.0
Massachusetts,Maryland,4455.0
Michigan,Maryland,1079.0
Minnesota,Maryland,1073.0
Mississippi,Maryland,0.0
Missouri,Maryland,1221.0
Montana,Maryland,242.0
Nebraska,Maryland,16.0
Nevada,Maryland,147.0
New Hampshire,Maryland,368.0
New Jersey,Maryland,7170.0
New Mexico,Maryland,1401.0
New York,Maryland,14439.0
North Carolina,Maryland,6501.0
North Dakota,Maryland,0.0
Ohio,Maryland,5145.0
Oklahoma,Maryland,1204.0
Oregon,Maryland,913.0
Pennsylvania,Maryland,16851.0
Rhode Island,Maryland,1253.0
South Carolina,Maryland,3369.0
South Dakota,Maryland,0.0
Tennessee,Maryland,724.0
Texas,Maryland,5592.0
Utah,Maryland,1801.0
Vermont,Maryland,228.0
Virginia,Maryland,21670.0
Washington,Maryland,1526.0
West Virginia,Maryland,3739.0
Wisconsin,Maryland,0.0
Wyoming,Maryland,198.0
Puerto Rico,Maryland,231.0
U.S. Island Area3,Maryland,0.0
Foreign Country,Maryland,46241.0
Alabama,Massachusetts,97.0
Alaska,Massachusetts,0.0
Arizona,Massachusetts,1427.0
Arkansas,Massachusetts,50.0
California,Massachusetts,12160.0
Colorado,Massachusetts,2017.0
Connecticut,Massachusetts,10437.0
Delaware,Massachusetts,397.0
District of Columbia,Massachusetts,2214.0
Florida,Massachusetts,12758.0
Georgia,Massachusetts,2897.0
Hawaii,Massachusetts,109.0
Idaho,Massachusetts,201.0
Illinois,Massachusetts,3187.0
Indiana,Massachusetts,1014.0
Iowa,Massachusetts,227.0
Kansas,Massachusetts,667.0
Kentucky,Massachusetts,0.0
Louisiana,Massachusetts,762.0
Maine,Massachusetts,2391.0
Maryland,Massachusetts,4214.0
Michigan,Massachusetts,1209.0
Minnesota,Massachusetts,772.0
Mississippi,Massachusetts,96.0
Missouri,Massachusetts,703.0
Montana,Massachusetts,395.0
Nebraska,Massachusetts,125.0
Nevada,Massachusetts,1249.0
New Hampshire,Massachusetts,11508.0
New Jersey,Massachusetts,6272.0
New Mexico,Massachusetts,1123.0
New York,Massachusetts,16247.0
North Carolina,Massachusetts,5217.0
North Dakota,Massachusetts,0.0
Ohio,Massachusetts,3804.0
Oklahoma,Massachusetts,78.0
Oregon,Massachusetts,386.0
Pennsylvania,Massachusetts,9392.0
Rhode Island,Massachusetts,7264.0
South Carolina,Massachusetts,1367.0
South Dakota,Massachusetts,64.0
Tennessee,Massachusetts,3996.0
Texas,Massachusetts,6165.0
Utah,Massachusetts,380.0
Vermont,Massachusetts,1430.0
Virginia,Massachusetts,5186.0
Washington,Massachusetts,1523.0
West Virginia,Massachusetts,234.0
Wisconsin,Massachusetts,752.0
Wyoming,Massachusetts,858.0
Puerto Rico,Massachusetts,1605.0
U.S. Island Area3,Massachusetts,440.0
Foreign Country,Massachusetts,67287.0
Alabama,Michigan,718.0
Alaska,Michigan,119.0
Arizona,Michigan,4049.0
Arkansas,Michigan,603.0
California,Michigan,9765.0
Colorado,Michigan,3698.0
Connecticut,Michigan,1192.0
Delaware,Michigan,0.0
District of Columbia,Michigan,262.0
Florida,Michigan,14236.0
Georgia,Michigan,3394.0
Hawaii,Michigan,780.0
Idaho,Michigan,658.0
Illinois,Michigan,11766.0
Indiana,Michigan,11338.0
Iowa,Michigan,719.0
Kansas,Michigan,1077.0
Kentucky,Michigan,2013.0
Louisiana,Michigan,1759.0
Maine,Michigan,270.0
Maryland,Michigan,1565.0
Massachusetts,Michigan,989.0
Minnesota,Michigan,1388.0
Mississippi,Michigan,395.0
Missouri,Michigan,1956.0
Montana,Michigan,301.0
Nebraska,Michigan,176.0
Nevada,Michigan,1412.0
New Hampshire,Michigan,404.0
New Jersey,Michigan,2352.0
New Mexico,Michigan,1056.0
New York,Michigan,4383.0
North Carolina,Michigan,4514.0
North Dakota,Michigan,444.0
Ohio,Michigan,8851.0
Oklahoma,Michigan,1881.0
Oregon,Michigan,2051.0
Pennsylvania,Michigan,3835.0
Rhode Island,Michigan,0.0
South Carolina,Michigan,1608.0
South Dakota,Michigan,869.0
Tennessee,Michigan,2693.0
Texas,Michigan,10011.0
Utah,Michigan,1610.0
Vermont,Michigan,218.0
Virginia,Michigan,2521.0
Washington,Michigan,3409.0
West Virginia,Michigan,517.0
Wisconsin,Michigan,5261.0
Wyoming,Michigan,29.0
Puerto Rico,Michigan,349.0
U.S. Island Area3,Michigan,0.0
Foreign Country,Michigan,56008.0
Alabama,Minnesota,404.0
Alaska,Minnesota,832.0
Arizona,Minnesota,4770.0
Arkansas,Minnesota,920.0
California,Minnesota,4505.0
Colorado,Minnesota,3884.0
Connecticut,Minnesota,794.0
Delaware,Minnesota,72.0
District of Columbia,Minnesota,687.0
Florida,Minnesota,5844.0
Georgia,Minnesota,1898.0
Hawaii,Minnesota,531.0
Idaho,Minnesota,450.0
Illinois,Minnesota,6089.0
Indiana,Minnesota,1370.0
Iowa,Minnesota,5689.0
Kansas,Minnesota,1436.0
Kentucky,Minnesota,1142.0
Louisiana,Minnesota,221.0
Maine,Minnesota,19.0
Maryland,Minnesota,716.0
Massachusetts,Minnesota,952.0
Michigan,Minnesota,2884.0
Mississippi,Minnesota,416.0
Missouri,Minnesota,1950.0
Montana,Minnesota,537.0
Nebraska,Minnesota,2343.0
Nevada,Minnesota,443.0
New Hampshire,Minnesota,352.0
New Jersey,Minnesota,299.0
New Mexico,Minnesota,832.0
New York,Minnesota,1502.0
North Carolina,Minnesota,1350.0
North Dakota,Minnesota,6062.0
Ohio,Minnesota,1063.0
Oklahoma,Minnesota,842.0
Oregon,Minnesota,2320.0
Pennsylvania,Minnesota,1702.0
Rhode Island,Minnesota,381.0
South Carolina,Minnesota,733.0
South Dakota,Minnesota,2867.0
Tennessee,Minnesota,1309.0
Texas,Minnesota,4400.0
Utah,Minnesota,862.0
Vermont,Minnesota,0.0
Virginia,Minnesota,1716.0
Washington,Minnesota,3400.0
West Virginia,Minnesota,158.0
Wisconsin,Minnesota,15404.0
Wyoming,Minnesota,925.0
Puerto Rico,Minnesota,503.0
U.S. Island Area3,Minnesota,133.0
Foreign Country,Minnesota,30194.0
Alabama,Mississippi,6151.0
Alaska,Mississippi,223.0
Arizona,Mississippi,1356.0
Arkansas,Mississippi,1451.0
California,Mississippi,2921.0
Colorado,Mississippi,106.0
Connecticut,Mississippi,99.0
Delaware,Mississippi,611.0
District of Columbia,Mississippi,0.0
Florida,Mississippi,5839.0
Georgia,Mississippi,4016.0
Hawaii,Mississippi,260.0
Idaho,Mississippi,394.0
Illinois,Mississippi,1365.0
Indiana,Mississippi,426.0
Iowa,Mississippi,1090.0
Kansas,Mississippi,49.0
Kentucky,Mississippi,938.0
Louisiana,Mississippi,4518.0
Maine,Mississippi,89.0
Maryland,Mississippi,330.0
Massachusetts,Mississippi,478.0
Michigan,Mississippi,181.0
Minnesota,Mississippi,0.0
Missouri,Mississippi,855.0
Montana,Mississippi,0.0
Nebraska,Mississippi,1199.0
Nevada,Mississippi,1168.0
New Hampshire,Mississippi,0.0
New Jersey,Mississippi,288.0
New Mexico,Mississippi,0.0
New York,Mississippi,467.0
North Carolina,Mississippi,1717.0
North Dakota,Mississippi,0.0
Ohio,Mississippi,1021.0
Oklahoma,Mississippi,0.0
Oregon,Mississippi,124.0
Pennsylvania,Mississippi,402.0
Rhode Island,Mississippi,0.0
South Carolina,Mississippi,985.0
South Dakota,Mississippi,89.0
Tennessee,Mississippi,13818.0
Texas,Mississippi,6880.0
Utah,Mississippi,0.0
Vermont,Mississippi,0.0
Virginia,Mississippi,1028.0
Washington,Mississippi,1135.0
West Virginia,Mississippi,0.0
Wisconsin,Mississippi,543.0
Wyoming,Mississippi,0.0
Puerto Rico,Mississippi,126.0
U.S. Island Area3,Mississippi,417.0
Foreign Country,Mississippi,9764.0
Alabama,Missouri,852.0
Alaska,Missouri,676.0
Arizona,Missouri,5699.0
Arkansas,Missouri,7548.0
California,Missouri,8146.0
Colorado,Missouri,5846.0
Connecticut,Missouri,667.0
Delaware,Missouri,189.0
District of Columbia,Missouri,57.0
Florida,Missouri,5471.0
Georgia,Missouri,5555.0
Hawaii,Missouri,643.0
Idaho,Missouri,780.0
Illinois,Missouri,15326.0
Indiana,Missouri,3104.0
Iowa,Missouri,4155.0
Kansas,Missouri,20692.0
Kentucky,Missouri,2603.0
Louisiana,Missouri,1978.0
Maine,Missouri,148.0
Maryland,Missouri,960.0
Massachusetts,Missouri,596.0
Michigan,Missouri,1714.0
Minnesota,Missouri,1701.0
Mississippi,Missouri,1600.0
Montana,Missouri,579.0
Nebraska,Missouri,636.0
Nevada,Missouri,1656.0
New Hampshire,Missouri,214.0
New Jersey,Missouri,488.0
New Mexico,Missouri,969.0
New York,Missouri,3534.0
North Carolina,Missouri,3214.0
North Dakota,Missouri,398.0
Ohio,Missouri,2885.0
Oklahoma,Missouri,4633.0
Oregon,Missouri,687.0
Pennsylvania,Missouri,3178.0
Rhode Island,Missouri,256.0
South Carolina,Missouri,1226.0
South Dakota,Missouri,429.0
Tennessee,Missouri,4548.0
Texas,Missouri,9322.0
Utah,Missouri,1901.0
Vermont,Missouri,104.0
Virginia,Missouri,2006.0
Washington,Missouri,1615.0
West Virginia,Missouri,89.0
Wisconsin,Missouri,1455.0
Wyoming,Missouri,960.0
Puerto Rico,Missouri,763.0
U.S. Island Area3,Missouri,305.0
Foreign Country,Missouri,22833.0
Alabama,Montana,73.0
Alaska,Montana,549.0
Arizona,Montana,823.0
Arkansas,Montana,416.0
California,Montana,5577.0
Colorado,Montana,2118.0
Connecticut,Montana,0.0
Delaware,Montana,0.0
District of Columbia,Montana,31.0
Florida,Montana,628.0
Georgia,Montana,460.0
Hawaii,Montana,90.0
Idaho,Montana,2361.0
Illinois,Montana,539.0
Indiana,Montana,23.0
Iowa,Montana,438.0
Kansas,Montana,232.0
Kentucky,Montana,218.0
Louisiana,Montana,5.0
Maine,Montana,431.0
Maryland,Montana,189.0
Massachusetts,Montana,111.0
Michigan,Montana,322.0
Minnesota,Montana,1439.0
Mississippi,Montana,36.0
Missouri,Montana,36.0
Nebraska,Montana,620.0
Nevada,Montana,531.0
New Hampshire,Montana,31.0
New Jersey,Montana,51.0
New Mexico,Montana,649.0
New York,Montana,58.0
North Carolina,Montana,0.0
North Dakota,Montana,799.0
Ohio,Montana,79.0
Oklahoma,Montana,257.0
Oregon,Montana,2713.0
Pennsylvania,Montana,847.0
Rhode Island,Montana,0.0
South Carolina,Montana,797.0
South Dakota,Montana,135.0
Tennessee,Montana,79.0
Texas,Montana,2417.0
Utah,Montana,2246.0
Vermont,Montana,143.0
Virginia,Montana,678.0
Washington,Montana,5214.0
West Virginia,Montana,0.0
Wisconsin,Montana,158.0
Wyoming,Montana,1128.0
Puerto Rico,Montana,0.0
U.S. Island Area3,Montana,0.0
Foreign Country,Montana,2597.0
Alabama,Nebraska,666.0
Alaska,Nebraska,107.0
Arizona,Nebraska,1367.0
Arkansas,Nebraska,937.0
California,Nebraska,1904.0
Colorado,Nebraska,5254.0
Connecticut,Nebraska,0.0
Delaware,Nebraska,0.0
District of Columbia,Nebraska,51.0
Florida,Nebraska,2296.0
Georgia,Nebraska,955.0
Hawaii,Nebraska,162.0
Idaho,Nebraska,1128.0
Illinois,Nebraska,2336.0
Indiana,Nebraska,867.0
Iowa,Nebraska,4860.0
Kansas,Nebraska,2179.0
Kentucky,Nebraska,370.0
Louisiana,Nebraska,114.0
Maine,Nebraska,0.0
Maryland,Nebraska,371.0
Massachusetts,Nebraska,80.0
Michigan,Nebraska,454.0
Minnesota,Nebraska,1233.0
Mississippi,Nebraska,32.0
Missouri,Nebraska,2886.0
Montana,Nebraska,250.0
Nevada,Nebraska,560.0
New Hampshire,Nebraska,493.0
New Jersey,Nebraska,49.0
New Mexico,Nebraska,1007.0
New York,Nebraska,711.0
North Carolina,Nebraska,943.0
North Dakota,Nebraska,445.0
Ohio,Nebraska,841.0
Oklahoma,Nebraska,225.0
Oregon,Nebraska,162.0
Pennsylvania,Nebraska,954.0
Rhode Island,Nebraska,0.0
South Carolina,Nebraska,445.0
South Dakota,Nebraska,2767.0
Tennessee,Nebraska,373.0
Texas,Nebraska,2475.0
Utah,Nebraska,301.0
Vermont,Nebraska,0.0
Virginia,Nebraska,2977.0
Washington,Nebraska,825.0
West Virginia,Nebraska,0.0
Wisconsin,Nebraska,438.0
Wyoming,Nebraska,740.0
Puerto Rico,Nebraska,48.0
U.S. Island Area3,Nebraska,0.0
Foreign Country,Nebraska,12859.0
Alabama,Nevada,218.0
Alaska,Nevada,1565.0
Arizona,Nevada,7972.0
Arkansas,Nevada,835.0
California,Nevada,41997.0
Colorado,Nevada,8064.0
Connecticut,Nevada,642.0
Delaware,Nevada,102.0
District of Columbia,Nevada,63.0
Florida,Nevada,5935.0
Georgia,Nevada,997.0
Hawaii,Nevada,4441.0
Idaho,Nevada,2057.0
Illinois,Nevada,970.0
Indiana,Nevada,292.0
Iowa,Nevada,288.0
Kansas,Nevada,639.0
Kentucky,Nevada,188.0
Louisiana,Nevada,1157.0
Maine,Nevada,0.0
Maryland,Nevada,633.0
Massachusetts,Nevada,767.0
Michigan,Nevada,1035.0
Minnesota,Nevada,743.0
Mississippi,Nevada,252.0
Missouri,Nevada,891.0
Montana,Nevada,820.0
Nebraska,Nevada,886.0
New Hampshire,Nevada,155.0
New Jersey,Nevada,1077.0
New Mexico,Nevada,1666.0
New York,Nevada,2582.0
North Carolina,Nevada,1072.0
North Dakota,Nevada,197.0
Ohio,Nevada,3475.0
Oklahoma,Nevada,1672.0
Oregon,Nevada,3604.0
Pennsylvania,Nevada,1868.0
Rhode Island,Nevada,0.0
South Carolina,Nevada,1233.0
South Dakota,Nevada,30.0
Tennessee,Nevada,600.0
Texas,Nevada,5939.0
Utah,Nevada,3776.0
Vermont,Nevada,54.0
Virginia,Nevada,2246.0
Washington,Nevada,5516.0
West Virginia,Nevada,0.0
Wisconsin,Nevada,853.0
Wyoming,Nevada,155.0
Puerto Rico,Nevada,154.0
U.S. Island Area3,Nevada,1475.0
Foreign Country,Nevada,27406.0
Alabama,New Hampshire,1530.0
Alaska,New Hampshire,103.0
Arizona,New Hampshire,702.0
Arkansas,New Hampshire,0.0
California,New Hampshire,1718.0
Colorado,New Hampshire,543.0
Connecticut,New Hampshire,1776.0
Delaware,New Hampshire,0.0
District of Columbia,New Hampshire,80.0
Florida,New Hampshire,1320.0
Georgia,New Hampshire,321.0
Hawaii,New Hampshire,0.0
Idaho,New Hampshire,583.0
Illinois,New Hampshire,95.0
Indiana,New Hampshire,103.0
Iowa,New Hampshire,283.0
Kansas,New Hampshire,118.0
Kentucky,New Hampshire,0.0
Louisiana,New Hampshire,564.0
Maine,New Hampshire,1604.0
Maryland,New Hampshire,705.0
Massachusetts,New Hampshire,16362.0
Michigan,New Hampshire,136.0
Minnesota,New Hampshire,115.0
Mississippi,New Hampshire,477.0
Missouri,New Hampshire,0.0
Montana,New Hampshire,0.0
Nebraska,New Hampshire,0.0
Nevada,New Hampshire,35.0
New Jersey,New Hampshire,395.0
New Mexico,New Hampshire,346.0
New York,New Hampshire,1777.0
North Carolina,New Hampshire,273.0
North Dakota,New Hampshire,0.0
Ohio,New Hampshire,127.0
Oklahoma,New Hampshire,371.0
Oregon,New Hampshire,0.0
Pennsylvania,New Hampshire,1914.0
Rhode Island,New Hampshire,333.0
South Carolina,New Hampshire,61.0
South Dakota,New Hampshire,0.0
Tennessee,New Hampshire,586.0
Texas,New Hampshire,1473.0
Utah,New Hampshire,560.0
Vermont,New Hampshire,1890.0
Virginia,New Hampshire,201.0
Washington,New Hampshire,110.0
West Virginia,New Hampshire,0.0
Wisconsin,New Hampshire,5.0
Wyoming,New Hampshire,0.0
Puerto Rico,New Hampshire,84.0
U.S. Island Area3,New Hampshire,0.0
Foreign Country,New Hampshire,4987.0
Alabama,New Jersey,178.0
Alaska,New Jersey,54.0
Arizona,New Jersey,1140.0
Arkansas,New Jersey,165.0
California,New Jersey,9431.0
Colorado,New Jersey,2332.0
Connecticut,New Jersey,2483.0
Delaware,New Jersey,1291.0
District of Columbia,New Jersey,639.0
Florida,New Jersey,9635.0
Georgia,New Jersey,1865.0
Hawaii,New Jersey,820.0
Idaho,New Jersey,29.0
Illinois,New Jersey,3183.0
Indiana,New Jersey,1114.0
Iowa,New Jersey,42.0
Kansas,New Jersey,442.0
Kentucky,New Jersey,284.0
Louisiana,New Jersey,935.0
Maine,New Jersey,418.0
Maryland,New Jersey,3877.0
Massachusetts,New Jersey,4851.0
Michigan,New Jersey,679.0
Minnesota,New Jersey,354.0
Mississippi,New Jersey,80.0
Missouri,New Jersey,1217.0
Montana,New Jersey,114.0
Nebraska,New Jersey,12.0
Nevada,New Jersey,200.0
New Hampshire,New Jersey,102.0
New Mexico,New Jersey,187.0
New York,New Jersey,55926.0
North Carolina,New Jersey,3461.0
North Dakota,New Jersey,465.0
Ohio,New Jersey,1267.0
Oklahoma,New Jersey,906.0
Oregon,New Jersey,723.0
Pennsylvania,New Jersey,29564.0
Rhode Island,New Jersey,660.0
South Carolina,New Jersey,2619.0
South Dakota,New Jersey,0.0
Tennessee,New Jersey,611.0
Texas,New Jersey,4360.0
Utah,New Jersey,901.0
Vermont,New Jersey,302.0
Virginia,New Jersey,3918.0
Washington,New Jersey,1456.0
West Virginia,New Jersey,704.0
Wisconsin,New Jersey,194.0
Wyoming,New Jersey,145.0
Puerto Rico,New Jersey,662.0
U.S. Island Area3,New Jersey,341.0
Foreign Country,New Jersey,92955.0
Alabama,New Mexico,837.0
Alaska,New Mexico,345.0
Arizona,New Mexico,3535.0
Arkansas,New Mexico,477.0
California,New Mexico,8126.0
Colorado,New Mexico,5853.0
Connecticut,New Mexico,305.0
Delaware,New Mexico,0.0
District of Columbia,New Mexico,1261.0
Florida,New Mexico,1207.0
Georgia,New Mexico,1110.0
Hawaii,New Mexico,449.0
Idaho,New Mexico,1510.0
Illinois,New Mexico,1129.0
Indiana,New Mexico,81.0
Iowa,New Mexico,276.0
Kansas,New Mexico,1500.0
Kentucky,New Mexico,181.0
Louisiana,New Mexico,1443.0
Maine,New Mexico,106.0
Maryland,New Mexico,14.0
Massachusetts,New Mexico,577.0
Michigan,New Mexico,1383.0
Minnesota,New Mexico,275.0
Mississippi,New Mexico,4.0
Missouri,New Mexico,501.0
Montana,New Mexico,1146.0
Nebraska,New Mexico,325.0
Nevada,New Mexico,1243.0
New Hampshire,New Mexico,62.0
New Jersey,New Mexico,641.0
New York,New Mexico,184.0
North Carolina,New Mexico,522.0
North Dakota,New Mexico,362.0
Ohio,New Mexico,1216.0
Oklahoma,New Mexico,296.0
Oregon,New Mexico,733.0
Pennsylvania,New Mexico,678.0
Rhode Island,New Mexico,0.0
South Carolina,New Mexico,627.0
South Dakota,New Mexico,323.0
Tennessee,New Mexico,523.0
Texas,New Mexico,16975.0
Utah,New Mexico,1701.0
Vermont,New Mexico,0.0
Virginia,New Mexico,530.0
Washington,New Mexico,3591.0
West Virginia,New Mexico,0.0
Wisconsin,New Mexico,304.0
Wyoming,New Mexico,206.0
Puerto Rico,New Mexico,0.0
U.S. Island Area3,New Mexico,111.0
Foreign Country,New Mexico,12622.0
Alabama,New York,1389.0
Alaska,New York,445.0
Arizona,New York,3934.0
Arkansas,New York,649.0
California,New York,31097.0
Colorado,New York,5110.0
Connecticut,New York,15165.0
Delaware,New York,1867.0
District of Columbia,New York,3271.0
Florida,New York,24749.0
Georgia,New York,8013.0
Hawaii,New York,1615.0
Idaho,New York,214.0
Illinois,New York,8628.0
Indiana,New York,1347.0
Iowa,New York,1184.0
Kansas,New York,2816.0
Kentucky,New York,2678.0
Louisiana,New York,1574.0
Maine,New York,3190.0
Maryland,New York,8119.0
Massachusetts,New York,21001.0
Michigan,New York,2606.0
Minnesota,New York,1321.0
Mississippi,New York,503.0
Missouri,New York,1433.0
Montana,New York,660.0
Nebraska,New York,432.0
Nevada,New York,1844.0
New Hampshire,New York,1859.0
New Jersey,New York,40474.0
New Mexico,New York,840.0
North Carolina,New York,9000.0
North Dakota,New York,18.0
Ohio,New York,7648.0
Oklahoma,New York,458.0
Oregon,New York,1157.0
Pennsylvania,New York,27603.0
Rhode Island,New York,2073.0
South Carolina,New York,3192.0
South Dakota,New York,100.0
Tennessee,New York,4360.0
Texas,New York,18956.0
Utah,New York,3081.0
Vermont,New York,3926.0
Virginia,New York,11930.0
Washington,New York,6261.0
West Virginia,New York,507.0
Wisconsin,New York,2217.0
Wyoming,New York,321.0
Puerto Rico,New York,3539.0
U.S. Island Area3,New York,245.0
Foreign Country,New York,163636.0
Alabama,North Carolina,5582.0
Alaska,North Carolina,606.0
Arizona,North Carolina,6443.0
Arkansas,North Carolina,891.0
California,North Carolina,21084.0
Colorado,North Carolina,4393.0
Connecticut,North Carolina,4284.0
Delaware,North Carolina,1745.0
District of Columbia,North Carolina,862.0
Florida,North Carolina,39931.0
Georgia,North Carolina,23519.0
Hawaii,North Carolina,1927.0
Idaho,North Carolina,1425.0
Illinois,North Carolina,5380.0
Indiana,North Carolina,2819.0
Iowa,North Carolina,2629.0
Kansas,North Carolina,4842.0
Kentucky,North Carolina,4783.0
Louisiana,North Carolina,3978.0
Maine,North Carolina,1575.0
Maryland,North Carolina,12649.0
Massachusetts,North Carolina,8935.0
Michigan,North Carolina,5380.0
Minnesota,North Carolina,3030.0
Mississippi,North Carolina,881.0
Missouri,North Carolina,2914.0
Montana,North Carolina,1227.0
Nebraska,North Carolina,678.0
Nevada,North Carolina,1907.0
New Hampshire,North Carolina,1347.0
New Jersey,North Carolina,9290.0
New Mexico,North Carolina,1152.0
New York,North Carolina,29175.0
North Dakota,North Carolina,28.0
Ohio,North Carolina,5637.0
Oklahoma,North Carolina,1886.0
Oregon,North Carolina,1467.0
Pennsylvania,North Carolina,13040.0
Rhode Island,North Carolina,1154.0
South Carolina,North Carolina,31358.0
South Dakota,North Carolina,659.0
Tennessee,North Carolina,7905.0
Texas,North Carolina,17335.0
Utah,North Carolina,3032.0
Vermont,North Carolina,796.0
Virginia,North Carolina,25555.0
Washington,North Carolina,4976.0
West Virginia,North Carolina,2038.0
Wisconsin,North Carolina,5106.0
Wyoming,North Carolina,20.0
Puerto Rico,North Carolina,496.0
U.S. Island Area3,North Carolina,592.0
Foreign Country,North Carolina,63852.0
Alabama,North Dakota,1019.0
Alaska,North Dakota,252.0
Arizona,North Dakota,1325.0
Arkansas,North Dakota,0.0
California,North Dakota,1158.0
Colorado,North Dakota,1389.0
Connecticut,North Dakota,0.0
Delaware,North Dakota,0.0
District of Columbia,North Dakota,0.0
Florida,North Dakota,1775.0
Georgia,North Dakota,264.0
Hawaii,North Dakota,0.0
Idaho,North Dakota,134.0
Illinois,North Dakota,2370.0
Indiana,North Dakota,0.0
Iowa,North Dakota,317.0
Kansas,North Dakota,480.0
Kentucky,North Dakota,0.0
Louisiana,North Dakota,11.0
Maine,North Dakota,0.0
Maryland,North Dakota,440.0
Massachusetts,North Dakota,0.0
Michigan,North Dakota,147.0
Minnesota,North Dakota,11738.0
Mississippi,North Dakota,182.0
Missouri,North Dakota,284.0
Montana,North Dakota,2032.0
Nebraska,North Dakota,185.0
Nevada,North Dakota,376.0
New Hampshire,North Dakota,0.0
New Jersey,North Dakota,307.0
New Mexico,North Dakota,415.0
New York,North Dakota,572.0
North Carolina,North Dakota,47.0
Ohio,North Dakota,89.0
Oklahoma,North Dakota,69.0
Oregon,North Dakota,229.0
Pennsylvania,North Dakota,516.0
Rhode Island,North Dakota,124.0
South Carolina,North Dakota,0.0
South Dakota,North Dakota,2238.0
Tennessee,North Dakota,431.0
Texas,North Dakota,1823.0
Utah,North Dakota,750.0
Vermont,North Dakota,0.0
Virginia,North Dakota,0.0
Washington,North Dakota,492.0
West Virginia,North Dakota,0.0
Wisconsin,North Dakota,302.0
Wyoming,North Dakota,133.0
Puerto Rico,North Dakota,30.0
U.S. Island Area3,North Dakota,0.0
Foreign Country,North Dakota,7083.0
Alabama,Ohio,1421.0
Alaska,Ohio,547.0
Arizona,Ohio,4352.0
Arkansas,Ohio,929.0
California,Ohio,12197.0
Colorado,Ohio,3393.0
Connecticut,Ohio,1361.0
Delaware,Ohio,65.0
District of Columbia,Ohio,388.0
Florida,Ohio,18740.0
Georgia,Ohio,6616.0
Hawaii,Ohio,330.0
Idaho,Ohio,194.0
Illinois,Ohio,5652.0
Indiana,Ohio,12068.0
Iowa,Ohio,1051.0
Kansas,Ohio,1545.0
Kentucky,Ohio,11176.0
Louisiana,Ohio,2475.0
Maine,Ohio,499.0
Maryland,Ohio,3200.0
Massachusetts,Ohio,2324.0
Michigan,Ohio,15795.0
Minnesota,Ohio,681.0
Mississippi,Ohio,838.0
Missouri,Ohio,1600.0
Montana,Ohio,258.0
Nebraska,Ohio,951.0
Nevada,Ohio,712.0
New Hampshire,Ohio,425.0
New Jersey,Ohio,3521.0
New Mexico,Ohio,704.0
New York,Ohio,6238.0
North Carolina,Ohio,6930.0
North Dakota,Ohio,432.0
Oklahoma,Ohio,1731.0
Oregon,Ohio,1471.0
Pennsylvania,Ohio,12809.0
Rhode Island,Ohio,26.0
South Carolina,Ohio,3647.0
South Dakota,Ohio,478.0
Tennessee,Ohio,4671.0
Texas,Ohio,8647.0
Utah,Ohio,551.0
Vermont,Ohio,19.0
Virginia,Ohio,6598.0
Washington,Ohio,4239.0
West Virginia,Ohio,7856.0
Wisconsin,Ohio,2816.0
Wyoming,Ohio,174.0
Puerto Rico,Ohio,1521.0
U.S. Island Area3,Ohio,191.0
Foreign Country,Ohio,55266.0
Alabama,Oklahoma,860.0
Alaska,Oklahoma,156.0
Arizona,Oklahoma,3093.0
Arkansas,Oklahoma,5286.0
California,Oklahoma,10940.0
Colorado,Oklahoma,6786.0
Connecticut,Oklahoma,346.0
Delaware,Oklahoma,176.0
District of Columbia,Oklahoma,105.0
Florida,Oklahoma,3830.0
Georgia,Oklahoma,1796.0
Hawaii,Oklahoma,647.0
Idaho,Oklahoma,1211.0
Illinois,Oklahoma,1603.0
Indiana,Oklahoma,1572.0
Iowa,Oklahoma,405.0
Kansas,Oklahoma,4908.0
Kentucky,Oklahoma,1837.0
Louisiana,Oklahoma,1031.0
Maine,Oklahoma,0.0
Maryland,Oklahoma,1064.0
Massachusetts,Oklahoma,413.0
Michigan,Oklahoma,2153.0
Minnesota,Oklahoma,250.0
Mississippi,Oklahoma,931.0
Missouri,Oklahoma,2695.0
Montana,Oklahoma,475.0
Nebraska,Oklahoma,1035.0
Nevada,Oklahoma,678.0
New Hampshire,Oklahoma,211.0
New Jersey,Oklahoma,561.0
New Mexico,Oklahoma,1097.0
New York,Oklahoma,3401.0
North Carolina,Oklahoma,843.0
North Dakota,Oklahoma,85.0
Ohio,Oklahoma,1261.0
Oregon,Oklahoma,710.0
Pennsylvania,Oklahoma,901.0
Rhode Island,Oklahoma,50.0
South Carolina,Oklahoma,1013.0
South Dakota,Oklahoma,971.0
Tennessee,Oklahoma,1092.0
Texas,Oklahoma,31506.0
Utah,Oklahoma,768.0
Vermont,Oklahoma,120.0
Virginia,Oklahoma,3431.0
Washington,Oklahoma,2329.0
West Virginia,Oklahoma,0.0
Wisconsin,Oklahoma,934.0
Wyoming,Oklahoma,113.0
Puerto Rico,Oklahoma,313.0
U.S. Island Area3,Oklahoma,136.0
Foreign Country,Oklahoma,15290.0
Alabama,Oregon,642.0
Alaska,Oregon,3236.0
Arizona,Oregon,7144.0
Arkansas,Oregon,292.0
California,Oregon,33807.0
Colorado,Oregon,6038.0
Connecticut,Oregon,605.0
Delaware,Oregon,0.0
District of Columbia,Oregon,944.0
Florida,Oregon,2265.0
Georgia,Oregon,1774.0
Hawaii,Oregon,2050.0
Idaho,Oregon,4122.0
Illinois,Oregon,1754.0
Indiana,Oregon,2151.0
Iowa,Oregon,17.0
Kansas,Oregon,1335.0
Kentucky,Oregon,173.0
Louisiana,Oregon,709.0
Maine,Oregon,0.0
Maryland,Oregon,260.0
Massachusetts,Oregon,2298.0
Michigan,Oregon,428.0
Minnesota,Oregon,255.0
Mississippi,Oregon,0.0
Missouri,Oregon,696.0
Montana,Oregon,3017.0
Nebraska,Oregon,226.0
Nevada,Oregon,3051.0
New Hampshire,Oregon,0.0
New Jersey,Oregon,345.0
New Mexico,Oregon,398.0
New York,Oregon,3818.0
North Carolina,Oregon,1607.0
North Dakota,Oregon,78.0
Ohio,Oregon,2217.0
Oklahoma,Oregon,680.0
Pennsylvania,Oregon,927.0
Rhode Island,Oregon,230.0
South Carolina,Oregon,414.0
South Dakota,Oregon,188.0
Tennessee,Oregon,1088.0
Texas,Oregon,3766.0
Utah,Oregon,5690.0
Vermont,Oregon,57.0
Virginia,Oregon,998.0
Washington,Oregon,22169.0
West Virginia,Oregon,0.0
Wisconsin,Oregon,1036.0
Wyoming,Oregon,251.0
Puerto Rico,Oregon,214.0
U.S. Island Area3,Oregon,656.0
Foreign Country,Oregon,23378.0
Alabama,Pennsylvania,1733.0
Alaska,Pennsylvania,595.0
Arizona,Pennsylvania,3773.0
Arkansas,Pennsylvania,776.0
California,Pennsylvania,11590.0
Colorado,Pennsylvania,3234.0
Connecticut,Pennsylvania,3619.0
Delaware,Pennsylvania,6612.0
District of Columbia,Pennsylvania,1208.0
Florida,Pennsylvania,13412.0
Georgia,Pennsylvania,3768.0
Hawaii,Pennsylvania,728.0
Idaho,Pennsylvania,629.0
Illinois,Pennsylvania,4430.0
Indiana,Pennsylvania,3419.0
Iowa,Pennsylvania,370.0
Kansas,Pennsylvania,1129.0
Kentucky,Pennsylvania,1266.0
Louisiana,Pennsylvania,410.0
Maine,Pennsylvania,1187.0
Maryland,Pennsylvania,20654.0
Massachusetts,Pennsylvania,6379.0
Michigan,Pennsylvania,1856.0
Minnesota,Pennsylvania,1012.0
Mississippi,Pennsylvania,878.0
Missouri,Pennsylvania,1164.0
Montana,Pennsylvania,338.0
Nebraska,Pennsylvania,445.0
Nevada,Pennsylvania,1548.0
New Hampshire,Pennsylvania,665.0
New Jersey,Pennsylvania,41215.0
New Mexico,Pennsylvania,370.0
New York,Pennsylvania,42637.0
North Carolina,Pennsylvania,5741.0
North Dakota,Pennsylvania,30.0
Ohio,Pennsylvania,11277.0
Oklahoma,Pennsylvania,533.0
Oregon,Pennsylvania,1150.0
Rhode Island,Pennsylvania,1005.0
South Carolina,Pennsylvania,2807.0
South Dakota,Pennsylvania,782.0
Tennessee,Pennsylvania,2617.0
Texas,Pennsylvania,11680.0
Utah,Pennsylvania,665.0
Vermont,Pennsylvania,494.0
Virginia,Pennsylvania,10019.0
Washington,Pennsylvania,2624.0
West Virginia,Pennsylvania,1879.0
Wisconsin,Pennsylvania,718.0
Wyoming,Pennsylvania,456.0
Puerto Rico,Pennsylvania,3091.0
U.S. Island Area3,Pennsylvania,438.0
Foreign Country,Pennsylvania,70342.0
Alabama,Rhode Island,0.0
Alaska,Rhode Island,74.0
Arizona,Rhode Island,79.0
Arkansas,Rhode Island,0.0
California,Rhode Island,2008.0
Colorado,Rhode Island,484.0
Connecticut,Rhode Island,1324.0
Delaware,Rhode Island,0.0
District of Columbia,Rhode Island,720.0
Florida,Rhode Island,3277.0
Georgia,Rhode Island,665.0
Hawaii,Rhode Island,326.0
Idaho,Rhode Island,0.0
Illinois,Rhode Island,904.0
Indiana,Rhode Island,129.0
Iowa,Rhode Island,144.0
Kansas,Rhode Island,98.0
Kentucky,Rhode Island,158.0
Louisiana,Rhode Island,1226.0
Maine,Rhode Island,145.0
Maryland,Rhode Island,688.0
Massachusetts,Rhode Island,9208.0
Michigan,Rhode Island,535.0
Minnesota,Rhode Island,141.0
Mississippi,Rhode Island,185.0
Missouri,Rhode Island,11.0
Montana,Rhode Island,0.0
Nebraska,Rhode Island,0.0
Nevada,Rhode Island,0.0
New Hampshire,Rhode Island,535.0
New Jersey,Rhode Island,1126.0
New Mexico,Rhode Island,0.0
New York,Rhode Island,2089.0
North Carolina,Rhode Island,513.0
North Dakota,Rhode Island,0.0
Ohio,Rhode Island,146.0
Oklahoma,Rhode Island,87.0
Oregon,Rhode Island,243.0
Pennsylvania,Rhode Island,1192.0
South Carolina,Rhode Island,393.0
South Dakota,Rhode Island,0.0
Tennessee,Rhode Island,485.0
Texas,Rhode Island,761.0
Utah,Rhode Island,0.0
Vermont,Rhode Island,55.0
Virginia,Rhode Island,1068.0
Washington,Rhode Island,102.0
West Virginia,Rhode Island,0.0
Wisconsin,Rhode Island,61.0
Wyoming,Rhode Island,214.0
Puerto Rico,Rhode Island,285.0
U.S. Island Area3,Rhode Island,0.0
Foreign Country,Rhode Island,8217.0
Alabama,South Carolina,3422.0
Alaska,South Carolina,842.0
Arizona,South Carolina,2578.0
Arkansas,South Carolina,1633.0
California,South Carolina,7108.0
Colorado,South Carolina,3444.0
Connecticut,South Carolina,2047.0
Delaware,South Carolina,1103.0
District of Columbia,South Carolina,225.0
Florida,South Carolina,16206.0
Georgia,South Carolina,17378.0
Hawaii,South Carolina,133.0
Idaho,South Carolina,1696.0
Illinois,South Carolina,6046.0
Indiana,South Carolina,2228.0
Iowa,South Carolina,192.0
Kansas,South Carolina,171.0
Kentucky,South Carolina,1740.0
Louisiana,South Carolina,686.0
Maine,South Carolina,1633.0
Maryland,South Carolina,8853.0
Massachusetts,South Carolina,5444.0
Michigan,South Carolina,4808.0
Minnesota,South Carolina,1725.0
Mississippi,South Carolina,662.0
Missouri,South Carolina,1929.0
Montana,South Carolina,403.0
Nebraska,South Carolina,892.0
Nevada,South Carolina,1882.0
New Hampshire,South Carolina,1894.0
New Jersey,South Carolina,9772.0
New Mexico,South Carolina,1144.0
New York,South Carolina,12224.0
North Carolina,South Carolina,28109.0
North Dakota,South Carolina,69.0
Ohio,South Carolina,5710.0
Oklahoma,South Carolina,359.0
Oregon,South Carolina,862.0
Pennsylvania,South Carolina,13419.0
Rhode Island,South Carolina,713.0
South Dakota,South Carolina,646.0
Tennessee,South Carolina,5304.0
Texas,South Carolina,7228.0
Utah,South Carolina,2894.0
Vermont,South Carolina,0.0
Virginia,South Carolina,10020.0
Washington,South Carolina,2125.0
West Virginia,South Carolina,1825.0
Wisconsin,South Carolina,1712.0
Wyoming,South Carolina,536.0
Puerto Rico,South Carolina,155.0
U.S. Island Area3,South Carolina,124.0
Foreign Country,South Carolina,25834.0
Alabama,South Dakota,155.0
Alaska,South Dakota,33.0
Arizona,South Dakota,908.0
Arkansas,South Dakota,219.0
California,South Dakota,3368.0
Colorado,South Dakota,1559.0
Connecticut,South Dakota,54.0
Delaware,South Dakota,0.0
District of Columbia,South Dakota,0.0
Florida,South Dakota,634.0
Georgia,South Dakota,37.0
Hawaii,South Dakota,0.0
Idaho,South Dakota,70.0
Illinois,South Dakota,938.0
Indiana,South Dakota,968.0
Iowa,South Dakota,913.0
Kansas,South Dakota,161.0
Kentucky,South Dakota,240.0
Louisiana,South Dakota,358.0
Maine,South Dakota,0.0
Maryland,South Dakota,331.0
Massachusetts,South Dakota,0.0
Michigan,South Dakota,153.0
Minnesota,South Dakota,7142.0
Mississippi,South Dakota,0.0
Missouri,South Dakota,74.0
Montana,South Dakota,680.0
Nebraska,South Dakota,3622.0
Nevada,South Dakota,139.0
New Hampshire,South Dakota,0.0
New Jersey,South Dakota,0.0
New Mexico,South Dakota,168.0
New York,South Dakota,604.0
North Carolina,South Dakota,672.0
North Dakota,South Dakota,769.0
Ohio,South Dakota,56.0
Oklahoma,South Dakota,102.0
Oregon,South Dakota,456.0
Pennsylvania,South Dakota,244.0
Rhode Island,South Dakota,25.0
South Carolina,South Dakota,0.0
Tennessee,South Dakota,392.0
Texas,South Dakota,2059.0
Utah,South Dakota,30.0
Vermont,South Dakota,0.0
Virginia,South Dakota,100.0
Washington,South Dakota,772.0
West Virginia,South Dakota,0.0
Wisconsin,South Dakota,137.0
Wyoming,South Dakota,713.0
Puerto Rico,South Dakota,0.0
U.S. Island Area3,South Dakota,0.0
Foreign Country,South Dakota,2172.0
Alabama,Tennessee,6537.0
Alaska,Tennessee,536.0
Arizona,Tennessee,3907.0
Arkansas,Tennessee,2485.0
California,Tennessee,23961.0
Colorado,Tennessee,6148.0
Connecticut,Tennessee,2170.0
Delaware,Tennessee,601.0
District of Columbia,Tennessee,0.0
Florida,Tennessee,21195.0
Georgia,Tennessee,12600.0
Hawaii,Tennessee,35.0
Idaho,Tennessee,1301.0
Illinois,Tennessee,9588.0
Indiana,Tennessee,4848.0
Iowa,Tennessee,414.0
Kansas,Tennessee,958.0
Kentucky,Tennessee,9175.0
Louisiana,Tennessee,3407.0
Maine,Tennessee,315.0
Maryland,Tennessee,1347.0
Massachusetts,Tennessee,2916.0
Michigan,Tennessee,2924.0
Minnesota,Tennessee,916.0
Mississippi,Tennessee,6480.0
Missouri,Tennessee,3370.0
Montana,Tennessee,777.0
Nebraska,Tennessee,307.0
Nevada,Tennessee,773.0
New Hampshire,Tennessee,222.0
New Jersey,Tennessee,2214.0
New Mexico,Tennessee,1043.0
New York,Tennessee,11363.0
North Carolina,Tennessee,8004.0
North Dakota,Tennessee,380.0
Ohio,Tennessee,6397.0
Oklahoma,Tennessee,268.0
Oregon,Tennessee,2601.0
Pennsylvania,Tennessee,3900.0
Rhode Island,Tennessee,184.0
South Carolina,Tennessee,3580.0
South Dakota,Tennessee,331.0
Texas,Tennessee,14618.0
Utah,Tennessee,2744.0
Vermont,Tennessee,967.0
Virginia,Tennessee,7309.0
Washington,Tennessee,3517.0
West Virginia,Tennessee,1633.0
Wisconsin,Tennessee,1690.0
Wyoming,Tennessee,200.0
Puerto Rico,Tennessee,533.0
U.S. Island Area3,Tennessee,383.0
Foreign Country,Tennessee,26288.0
Alabama,Texas,7781.0
Alaska,Texas,4688.0
Arizona,Texas,19900.0
Arkansas,Texas,10833.0
California,Texas,93970.0
Colorado,Texas,25369.0
Connecticut,Texas,2645.0
Delaware,Texas,876.0
District of Columbia,Texas,1553.0
Florida,Texas,50513.0
Georgia,Texas,17398.0
Hawaii,Texas,5273.0
Idaho,Texas,5764.0
Illinois,Texas,24181.0
Indiana,Texas,5369.0
Iowa,Texas,6140.0
Kansas,Texas,8547.0
Kentucky,Texas,5410.0
Louisiana,Texas,28458.0
Maine,Texas,585.0
Maryland,Texas,16116.0
Massachusetts,Texas,10162.0
Michigan,Texas,10855.0
Minnesota,Texas,7959.0
Mississippi,Texas,7170.0
Missouri,Texas,10883.0
Montana,Texas,1106.0
Nebraska,Texas,5567.0
Nevada,Texas,8557.0
New Hampshire,Texas,569.0
New Jersey,Texas,7553.0
New Mexico,Texas,14704.0
New York,Texas,29610.0
North Carolina,Texas,10793.0
North Dakota,Texas,2515.0
Ohio,Texas,13463.0
Oklahoma,Texas,29743.0
Oregon,Texas,10131.0
Pennsylvania,Texas,8438.0
Rhode Island,Texas,1184.0
South Carolina,Texas,8072.0
South Dakota,Texas,1978.0
Tennessee,Texas,12068.0
Utah,Texas,9731.0
Vermont,Texas,554.0
Virginia,Texas,14137.0
Washington,Texas,20423.0
West Virginia,Texas,1194.0
Wisconsin,Texas,8581.0
Wyoming,Texas,2873.0
Puerto Rico,Texas,6349.0
U.S. Island Area3,Texas,1861.0
Foreign Country,Texas,264501.0
Alabama,Utah,647.0
Alaska,Utah,704.0
Arizona,Utah,6639.0
Arkansas,Utah,683.0
California,Utah,15848.0
Colorado,Utah,5787.0
Connecticut,Utah,473.0
Delaware,Utah,0.0
District of Columbia,Utah,69.0
Florida,Utah,2832.0
Georgia,Utah,1093.0
Hawaii,Utah,620.0
Idaho,Utah,6791.0
Illinois,Utah,2628.0
Indiana,Utah,1106.0
Iowa,Utah,169.0
Kansas,Utah,153.0
Kentucky,Utah,438.0
Louisiana,Utah,289.0
Maine,Utah,319.0
Maryland,Utah,662.0
Massachusetts,Utah,3449.0
Michigan,Utah,1332.0
Minnesota,Utah,791.0
Mississippi,Utah,1004.0
Missouri,Utah,3355.0
Montana,Utah,659.0
Nebraska,Utah,319.0
Nevada,Utah,6808.0
New Hampshire,Utah,529.0
New Jersey,Utah,0.0
New Mexico,Utah,544.0
New York,Utah,1605.0
North Carolina,Utah,1863.0
North Dakota,Utah,144.0
Ohio,Utah,630.0
Oklahoma,Utah,175.0
Oregon,Utah,1674.0
Pennsylvania,Utah,2146.0
Rhode Island,Utah,0.0
South Carolina,Utah,526.0
South Dakota,Utah,23.0
Tennessee,Utah,1133.0
Texas,Utah,7276.0
Vermont,Utah,1030.0
Virginia,Utah,1439.0
Washington,Utah,2389.0
West Virginia,Utah,0.0
Wisconsin,Utah,785.0
Wyoming,Utah,1287.0
Puerto Rico,Utah,195.0
U.S. Island Area3,Utah,0.0
Foreign Country,Utah,27581.0
Alabama,Vermont,556.0
Alaska,Vermont,22.0
Arizona,Vermont,419.0
Arkansas,Vermont,0.0
California,Vermont,855.0
Colorado,Vermont,1446.0
Connecticut,Vermont,1655.0
Delaware,Vermont,30.0
District of Columbia,Vermont,181.0
Florida,Vermont,1316.0
Georgia,Vermont,235.0
Hawaii,Vermont,68.0
Idaho,Vermont,394.0
Illinois,Vermont,0.0
Indiana,Vermont,184.0
Iowa,Vermont,26.0
Kansas,Vermont,0.0
Kentucky,Vermont,32.0
Louisiana,Vermont,0.0
Maine,Vermont,542.0
Maryland,Vermont,966.0
Massachusetts,Vermont,3965.0
Michigan,Vermont,70.0
Minnesota,Vermont,793.0
Mississippi,Vermont,28.0
Missouri,Vermont,11.0
Montana,Vermont,207.0
Nebraska,Vermont,267.0
Nevada,Vermont,0.0
New Hampshire,Vermont,2781.0
New Jersey,Vermont,710.0
New Mexico,Vermont,0.0
New York,Vermont,3279.0
North Carolina,Vermont,280.0
North Dakota,Vermont,0.0
Ohio,Vermont,516.0
Oklahoma,Vermont,0.0
Oregon,Vermont,770.0
Pennsylvania,Vermont,1529.0
Rhode Island,Vermont,225.0
South Carolina,Vermont,110.0
South Dakota,Vermont,0.0
Tennessee,Vermont,300.0
Texas,Vermont,981.0
Utah,Vermont,133.0
Virginia,Vermont,627.0
Washington,Vermont,161.0
West Virginia,Vermont,0.0
Wisconsin,Vermont,0.0
Wyoming,Vermont,73.0
Puerto Rico,Vermont,0.0
U.S. Island Area3,Vermont,87.0
Foreign Country,Vermont,2065.0
Alabama,Virginia,3475.0
Alaska,Virginia,796.0
Arizona,Virginia,4091.0
Arkansas,Virginia,142.0
California,Virginia,21771.0
Colorado,Virginia,4924.0
Connecticut,Virginia,3179.0
Delaware,Virginia,2450.0
District of Columbia,Virginia,13010.0
Florida,Virginia,24733.0
Georgia,Virginia,10449.0
Hawaii,Virginia,3680.0
Idaho,Virginia,1269.0
Illinois,Virginia,7940.0
Indiana,Virginia,2023.0
Iowa,Virginia,1042.0
Kansas,Virginia,1417.0
Kentucky,Virginia,2011.0
Louisiana,Virginia,2088.0
Maine,Virginia,1240.0
Maryland,Virginia,28203.0
Massachusetts,Virginia,3789.0
Michigan,Virginia,3748.0
Minnesota,Virginia,885.0
Mississippi,Virginia,1993.0
Missouri,Virginia,3330.0
Montana,Virginia,332.0
Nebraska,Virginia,264.0
Nevada,Virginia,792.0
New Hampshire,Virginia,2004.0
New Jersey,Virginia,8120.0
New Mexico,Virginia,1237.0
New York,Virginia,15048.0
North Carolina,Virginia,23197.0
North Dakota,Virginia,281.0
Ohio,Virginia,5931.0
Oklahoma,Virginia,1044.0
Oregon,Virginia,1698.0
Pennsylvania,Virginia,13285.0
Rhode Island,Virginia,1242.0
South Carolina,Virginia,11905.0
South Dakota,Virginia,422.0
Tennessee,Virginia,8915.0
Texas,Virginia,11470.0
Utah,Virginia,2105.0
Vermont,Virginia,227.0
Washington,Virginia,4758.0
West Virginia,Virginia,7199.0
Wisconsin,Virginia,1007.0
Wyoming,Virginia,0.0
Puerto Rico,Virginia,1031.0
U.S. Island Area3,Virginia,2595.0
Foreign Country,Virginia,54407.0
Alabama,Washington,926.0
Alaska,Washington,3098.0
Arizona,Washington,10675.0
Arkansas,Washington,1093.0
California,Washington,40858.0
Colorado,Washington,7250.0
Connecticut,Washington,620.0
Delaware,Washington,89.0
District of Columbia,Washington,1949.0
Florida,Washington,7185.0
Georgia,Washington,3761.0
Hawaii,Washington,6548.0
Idaho,Washington,7513.0
Illinois,Washington,4950.0
Indiana,Washington,1741.0
Iowa,Washington,2386.0
Kansas,Washington,2468.0
Kentucky,Washington,1344.0
Louisiana,Washington,1720.0
Maine,Washington,185.0
Maryland,Washington,2602.0
Massachusetts,Washington,1797.0
Michigan,Washington,2054.0
Minnesota,Washington,2081.0
Mississippi,Washington,1693.0
Missouri,Washington,1646.0
Montana,Washington,3372.0
Nebraska,Washington,437.0
Nevada,Washington,7131.0
New Hampshire,Washington,285.0
New Jersey,Washington,1513.0
New Mexico,Washington,1958.0
New York,Washington,5371.0
North Carolina,Washington,6383.0
North Dakota,Washington,77.0
Ohio,Washington,1878.0
Oklahoma,Washington,1716.0
Oregon,Washington,29960.0
Pennsylvania,Washington,2416.0
Rhode Island,Washington,796.0
South Carolina,Washington,1274.0
South Dakota,Washington,375.0
Tennessee,Washington,2341.0
Texas,Washington,13788.0
Utah,Washington,4830.0
Vermont,Washington,482.0
Virginia,Washington,6092.0
West Virginia,Washington,0.0
Wisconsin,Washington,1412.0
Wyoming,Washington,497.0
Puerto Rico,Washington,183.0
U.S. Island Area3,Washington,2241.0
Foreign Country,Washington,67190.0
Alabama,West Virginia,438.0
Alaska,West Virginia,78.0
Arizona,West Virginia,897.0
Arkansas,West Virginia,0.0
California,West Virginia,552.0
Colorado,West Virginia,587.0
Connecticut,West Virginia,0.0
Delaware,West Virginia,56.0
District of Columbia,West Virginia,132.0
Florida,West Virginia,3585.0
Georgia,West Virginia,391.0
Hawaii,West Virginia,0.0
Idaho,West Virginia,7.0
Illinois,West Virginia,596.0
Indiana,West Virginia,70.0
Iowa,West Virginia,0.0
Kansas,West Virginia,0.0
Kentucky,West Virginia,2049.0
Louisiana,West Virginia,10.0
Maine,West Virginia,0.0
Maryland,West Virginia,6587.0
Massachusetts,West Virginia,54.0
Michigan,West Virginia,120.0
Minnesota,West Virginia,0.0
Mississippi,West Virginia,579.0
Missouri,West Virginia,128.0
Montana,West Virginia,76.0
Nebraska,West Virginia,0.0
Nevada,West Virginia,198.0
New Hampshire,West Virginia,60.0
New Jersey,West Virginia,485.0
New Mexico,West Virginia,275.0
New York,West Virginia,1764.0
North Carolina,West Virginia,1056.0
North Dakota,West Virginia,70.0
Ohio,West Virginia,7164.0
Oklahoma,West Virginia,84.0
Oregon,West Virginia,233.0
Pennsylvania,West Virginia,4360.0
Rhode Island,West Virginia,0.0
South Carolina,West Virginia,518.0
South Dakota,West Virginia,0.0
Tennessee,West Virginia,753.0
Texas,West Virginia,1291.0
Utah,West Virginia,208.0
Vermont,West Virginia,0.0
Virginia,West Virginia,5498.0
Washington,West Virginia,866.0
Wisconsin,West Virginia,145.0
Wyoming,West Virginia,0.0
Puerto Rico,West Virginia,181.0
U.S. Island Area3,West Virginia,0.0
Foreign Country,West Virginia,3392.0
Alabama,Wisconsin,69.0
Alaska,Wisconsin,736.0
Arizona,Wisconsin,3304.0
Arkansas,Wisconsin,865.0
California,Wisconsin,6339.0
Colorado,Wisconsin,2723.0
Connecticut,Wisconsin,506.0
Delaware,Wisconsin,0.0
District of Columbia,Wisconsin,710.0
Florida,Wisconsin,8391.0
Georgia,Wisconsin,1609.0
Hawaii,Wisconsin,161.0
Idaho,Wisconsin,372.0
Illinois,Wisconsin,26943.0
Indiana,Wisconsin,2465.0
Iowa,Wisconsin,4630.0
Kansas,Wisconsin,723.0
Kentucky,Wisconsin,494.0
Louisiana,Wisconsin,630.0
Maine,Wisconsin,314.0
Maryland,Wisconsin,748.0
Massachusetts,Wisconsin,1569.0
Michigan,Wisconsin,6032.0
Minnesota,Wisconsin,17067.0
Mississippi,Wisconsin,221.0
Missouri,Wisconsin,2084.0
Montana,Wisconsin,824.0
Nebraska,Wisconsin,741.0
Nevada,Wisconsin,1972.0
New Hampshire,Wisconsin,66.0
New Jersey,Wisconsin,768.0
New Mexico,Wisconsin,595.0
New York,Wisconsin,2252.0
North Carolina,Wisconsin,1757.0
North Dakota,Wisconsin,723.0
Ohio,Wisconsin,1121.0
Oklahoma,Wisconsin,1339.0
Oregon,Wisconsin,1103.0
Pennsylvania,Wisconsin,2252.0
Rhode Island,Wisconsin,129.0
South Carolina,Wisconsin,939.0
South Dakota,Wisconsin,732.0
Tennessee,Wisconsin,1120.0
Texas,Wisconsin,2782.0
Utah,Wisconsin,319.0
Vermont,Wisconsin,99.0
Virginia,Wisconsin,1415.0
Washington,Wisconsin,1471.0
West Virginia,Wisconsin,422.0
Wyoming,Wisconsin,292.0
Puerto Rico,Wisconsin,1084.0
U.S. Island Area3,Wisconsin,0.0
Foreign Country,Wisconsin,19811.0
Alabama,Wyoming,341.0
Alaska,Wyoming,252.0
Arizona,Wyoming,1526.0
Arkansas,Wyoming,35.0
California,Wyoming,1181.0
Colorado,Wyoming,4777.0
Connecticut,Wyoming,0.0
Delaware,Wyoming,8.0
District of Columbia,Wyoming,38.0
Florida,Wyoming,791.0
Georgia,Wyoming,680.0
Hawaii,Wyoming,99.0
Idaho,Wyoming,1149.0
Illinois,Wyoming,61.0
Indiana,Wyoming,142.0
Iowa,Wyoming,110.0
Kansas,Wyoming,432.0
Kentucky,Wyoming,261.0
Louisiana,Wyoming,1001.0
Maine,Wyoming,0.0
Maryland,Wyoming,81.0
Massachusetts,Wyoming,0.0
Michigan,Wyoming,266.0
Minnesota,Wyoming,7.0
Mississippi,Wyoming,132.0
Missouri,Wyoming,572.0
Montana,Wyoming,1643.0
Nebraska,Wyoming,596.0
Nevada,Wyoming,353.0
New Hampshire,Wyoming,0.0
New Jersey,Wyoming,404.0
New Mexico,Wyoming,28.0
New York,Wyoming,69.0
North Carolina,Wyoming,62.0
North Dakota,Wyoming,151.0
Ohio,Wyoming,0.0
Oklahoma,Wyoming,3.0
Oregon,Wyoming,969.0
Pennsylvania,Wyoming,285.0
Rhode Island,Wyoming,0.0
South Carolina,Wyoming,13.0
South Dakota,Wyoming,1037.0
Tennessee,Wyoming,118.0
Texas,Wyoming,1699.0
Utah,Wyoming,599.0
Vermont,Wyoming,0.0
Virginia,Wyoming,323.0
Washington,Wyoming,621.0
West Virginia,Wyoming,0.0
Wisconsin,Wyoming,42.0
Puerto Rico,Wyoming,0.0
U.S. Island Area3,Wyoming,0.0
Foreign Country,Wyoming,2353.0
